Workbook

Sheet Dashboard
A1: NETFLIX CONTENT INTELLIGENCE
A5: FILTERS & CONTROL PANEL
A6: Content Type | B6: All | D6: Rating | E6: All
A8: SELECTED TITLES | D8: MOVIES | G8: TV SHOWS | J8: AVG MOVIE RUNTIME
A10: =Analysis!B5 -> 60 | D10: =Analysis!B6 -> 49 | G10: =Analysis!B7 -> 11 | J10: =Analysis!B8 -> 84.183673
A14: DATA STORY • The dashboard uses a 60-title Kaggle sample spanning releases from 2006 to 2019.
A16: CONTENT MIX | H16: TOP GENRES
A32: RATING MIX | H32: TOP COUNTRIES
A48: CONTENT ADDED BY YEAR | H48: MOVIE RUNTIME DISTRIBUTION
A62: SOURCE: Kaggle — Netflix Movies and TV Shows — Shivam Bansal https://www.kaggle.com/datasets/shivamb/netflix-shows/data

Sheet Data
A1: Show ID | B1: Type | C1: Title | D1: Country | E1: Date Added | F1: Release Year | G1: Rating | H1: Duration | I1: Primary Genre | J1: Duration Value | K1: Year Added | L1: Added Month | M1: Duration Unit | N1: Release Decade
A2: 81145628 | B2: Movie | C2: Norm of the North: King Sized Adventure | D2: United States | E2: 43717 | F2: 2019 | G2: TV-PG | H2: 90 min | I2: Children & Family Movies | J2: 90 | K2: 2019 | L2: Sep | M2: Minutes | N2: 2010
A3: 80117401 | B3: Movie | C3: Jandino: Whatever it Takes | D3: United Kingdom | E3: 42622 | F3: 2016 | G3: TV-MA | H3: 94 min | I3: Stand-Up Comedy | J3: 94 | K3: 2016 | L3: Sep | M3: Minutes | N3: 2010
A4: 70234439 | B4: TV Show | C4: Transformers Prime | D4: United States | E4: 43351 | F4: 2013 | G4: TV-Y7-FV | H4: 1 Season | I4: Kids' TV | J4: 1 | K4: 2018 | L4: Sep | M4: Seasons | N4: 2010
A5: 80058654 | B5: TV Show | C5: Transformers: Robots in Disguise | D5: United States | E5: 43351 | F5: 2016 | G5: TV-Y7 | H5: 1 Season | I5: Kids' TV | J5: 1 | K5: 2018 | L5: Sep | M5: Seasons | N5: 2010
A6: 80125979 | B6: Movie | C6: #realityhigh | D6: United States | E6: 42986 | F6: 2017 | G6: TV-14 | H6: 99 min | I6: Comedies | J6: 99 | K6: 2017 | L6: Sep | M6: Minutes | N6: 2010
A7: 80163890 | B7: TV Show | C7: Apaches | D7: Spain | E7: 42986 | F7: 2016 | G7: TV-MA | H7: 1 Season | I7: Crime TV Shows | J7: 1 | K7: 2017 | L7: Sep | M7: Seasons | N7: 2010
A8: 70304989 | B8: Movie | C8: Automata | D8: Bulgaria | E8: 42986 | F8: 2014 | G8: R | H8: 110 min | I8: International Movies | J8: 110 | K8: 2017 | L8: Sep | M8: Minutes | N8: 2010
A9: 80164077 | B9: Movie | C9: Fabrizio Copano: Solo pienso en mi | D9: Chile | E9: 42986 | F9: 2017 | G9: TV-MA | H9: 60 min | I9: Stand-Up Comedy | J9: 60 | K9: 2017 | L9: Sep | M9: Minutes | N9: 2010
A10: 80117902 | B10: TV Show | C10: Fire Chasers | D10: United States | E10: 42986 | F10: 2017 | G10: TV-MA | H10: 1 Season | I10: Docuseries | J10: 1 | K10: 2017 | L10: Sep | M10: Seasons | N10: 2010
A11: 70304990 | B11: Movie | C11: Good People | D11: United States | E11: 42986 | F11: 2014 | G11: R | H11: 90 min | I11: Action & Adventure | J11: 90 | K11: 2017 | L11: Sep | M11: Minutes | N11: 2010
A12: 80169755 | B12: Movie | C12: Joaquín Reyes: Una y no más | D12: Unknown | E12: 42986 | F12: 2017 | G12: TV-MA | H12: 78 min | I12: Stand-Up Comedy | J12: 78 | K12: 2017 | L12: Sep | M12: Minutes | N12: 2010
A13: 70299204 | B13: Movie | C13: Kidnapping Mr. Heineken | D13: Netherlands | E13: 42986 | F13: 2015 | G13: R | H13: 95 min | I13: Action & Adventure | J13: 95 | K13: 2017 | L13: Sep | M13: Minutes | N13: 2010
... A61: 80241061 | B61: Movie | C61: Shirkers | D61: United States | E61: 43399 | F61: 2018 | G61: TV-14 | H61: 97 min | I61: Documentaries | J61: 97 | K61: 2018 | L61: Oct | M61: Minutes | N61: 2010

Sheet Analysis
A1: DASHBOARD ENGINE — FILTERED METRICS & CHART DATA | S1: Content Type | T1: Rating
A2: Formula-driven support tables for the interactive dashboard. | S2: All | T2: All
S3: Movie | T3: G
A4: Metric | B4: Value | S4: TV Show | T4: NR
A5: Selected Titles | B5: =IF(AND(Dashboard!$B$6="All",Dashboard!$E$6="All"),COUNTA(Data!$A$2:$A$61),IF(Dashboard!$B$6="All",COUNTIF(Data!$G$2:$G$61,Dashboard!$E$6),IF(Dashboard!$E$6="All",COUNTIF(Data!$B$2:$B$61,Dashboard!$B$6),COUNTIFS(Data!$B$2:$B$61,Dashboard!$B$6,Data!$G$2:$G$61,Dashboard!$E$6)))) -> 60 | T5: PG
A6: Movies | B6: =IF(Dashboard!$B$6="TV Show",0,IF(Dashboard!$E$6="All",COUNTIF(Data!$B$2:$B$61,"Movie"),COUNTIFS(Data!$B$2:$B$61,"Movie",Data!$G$2:$G$61,Dashboard!$E$6))) -> 49 | T6: PG-13
A7: TV Shows | B7: =IF(Dashboard!$B$6="Movie",0,IF(Dashboard!$E$6="All",COUNTIF(Data!$B$2:$B$61,"TV Show"),COUNTIFS(Data!$B$2:$B$61,"TV Show",Data!$G$2:$G$61,Dashboard!$E$6))) -> 11 | T7: R
A8: Avg Movie Runtime (min) | B8: =IF(Dashboard!$B$6="TV Show","—",IF(Dashboard!$E$6="All",SUMIF(Data!$B$2:$B$61,"Movie",Data!$J$2:$J$61)/COUNTIF(Data!$B$2:$B$61,"Movie"),SUMIFS(Data!$J$2:$J$61,Data!$B$2:$B$61,"Movie",Data!$G$2:$G$61,Dashboard!$E$6)/COUNTIFS(Data!$B$2:$B$61,"Movie",Data!$G$2:$G$61,Dashboard!$E$6))) -> 84.183673 | T8: TV-14
T9: TV-G
T10: TV-MA
A11: Content Type | B11: Titles | D11: Rating | E11: Titles | G11: Primary Genre | H11: Titles | J11: Country | K11: Titles | M11: Year Added | N11: Titles | P11: Movie Runtime | Q11: Titles | T11: TV-PG | U11: Top Genres | V11: Titles | W11: Top Countries | X11: Titles
A12: Movie | B12: =IF(Dashboard!$B$6="TV Show",0,IF(Dashboard!$E$6="All",COUNTIF(Data!$B$2:$B$61,"Movie"),COUNTIFS(Data!$B$2:$B$61,"Movie",Data!$G$2:$G$61,Dashboard!$E$6))) -> 49 | D12: G | E12: =IF(AND(Dashboard!$B$6="All",Dashboard!$E$6="All"),COUNTIF(Data!$G$2:$G$61,$D12),IF(Dashboard!$B$6="All",COUNTIFS(Data!$G$2:$G$61,$D12,Data!$G$2:$G$61,Dashboard!$E$6),IF(Dashboard!$E$6="All",COUNTIFS(Data!$G$2:$G$61,$D12,Data!$B$2:$B$61,Dashboard!$B$6),COUNTIFS(Data!$G$2:$G$61,$D12,Data!$B$2:$B$61,Dashboard!$B$6,Data!$G$2:$G$61,Dashboard!$E$6)))) -> 1 | G12: Action & Adventure | H12: =IF(AND(Dashboard!$B$6="All",Dashboard!$E$6="All"),COUNTIF(Data!$I$2:$I$61,$G12),IF(Dashboard!$B$6="All",COUNTIFS(Data!$I$2:$I$61,$G12,Data!$G$2:$G$61,Dashboard!$E$6),IF(Dashboard!$E$6="All",COUNTIFS(Data!$I$2:$I$61,$G12,Data!$B$2:$B$61,Dashboard!$B$6),COUNTIFS(Data!$I$2:$I$61,$G12,Data!$B$2:$B$61,Dashboard!$B$6,Data!$G$2:$G$61,Dashboard!$E$6)))) -> 5 | J12: United States | K12: =IF(AND(Dashboard!$B$6="All",Dashboard!$E$6="All"),COUNTIF(Data!$D$2:$D$61,$J12),IF(Dashboard!$B$6="All",COUNTIFS(Data!$D$2:$D$61,$J12,Data!$G$2:$G$61,Dashboard!$E$6),IF(Dashboard!$E$6="All",COUNTIFS(Data!$D$2:$D$61,$J12,Data!$B$2:$B$61,Dashboard!$B$6),COUNTIFS(Data!$D$2:$D$61,$J12,Data!$B$2:$B$61,Dashboard!$B$6,Data!$G$2:$G$61,Dashboard!$E$6)))) -> 23 | M12: 2015 | N12: =IF(AND(Dashboard!$B$6="All",Dashboard!$E$6="All"),COUNTIF(Data!$K$2:$K$61,$M12),IF(Dashboard!$B$6="All",COUNTIFS(Data!$K$2:$K$61,$M12,Data!$G$2:$G$61,Dashboard!$E$6),IF(Dashboard!$E$6="All",COUNTIFS(Data!$K$2:$K$61,$M12,Data!$B$2:$B$61,Dashboard!$B$6),COUNTIFS(Data!$K$2:$K$61,$M12,Data!$B$2:$B$61,Dashboard!$B$6,Data!$G$2:$G$61,Dashboard!$E$6)))) -> 2 | P12: < 60 min | Q12: =IF(Dashboard!$E$6="All",COUNTIFS(Data!$B$2:$B$61,"Movie",Data!$J$2:$J$61,"<60"),COUNTIFS(Data!$B$2:$B$61,"Movie",Data!$J$2:$J$61,"<60",Data!$G$2:$G$61,Dashboard!$E$6)) -> 5 | T12: TV-Y | U12: Children & Family Movies | V12: =IF(AND(Dashboard!$B$6="All",Dashboard!$E$6="All"),COUNTIF(Data!$I$2:$I$61,$U12),IF(Dashboard!$B$6="All",COUNTIFS(Data!$I$2:$I$61,$U12,Data!$G$2:$G$61,Dashboard!$E$6),IF(Dashboard!$E$6="All",COUNTIFS(Data!$I$2:$I$61,$U12,Data!$B$2:$B$61,Dashboard!$B$6),COUNTIFS(Data!$I$2:$I$61,$U12,Data!$B$2:$B$61,Dashboard!$B$6,Data!$G$2:$G$61,Dashboard!$E$6)))) -> 10 | W12: United States | X12: =IF(AND(Dashboard!$B$6="All",Dashboard!$E$6="All"),COUNTIF(Data!$D$2:$D$61,$W12),IF(Dashboard!$B$6="All",COUNTIFS(Data!$D$2:$D$61,$W12,Data!$G$2:$G$61,Dashboard!$E$6),IF(Dashboard!$E$6="All",COUNTIFS(Data!$D$2:$D$61,$W12,Data!$B$2:$B$61,Dashboard!$B$6),COUNTIFS(Data!$D$2:$D$61,$W12,Data!$B$2:$B$61,Dashboard!$B$6,Data!$G$2:$G$61,Dashboard!$E$6)))) -> 23
A13: TV Show | B13: =IF(Dashboard!$B$6="Movie",0,IF(Dashboard!$E$6="All",COUNTIF(Data!$B$2:$B$61,"TV Show"),COUNTIFS(Data!$B$2:$B$61,"TV Show",Data!$G$2:$G$61,Dashboard!$E$6))) -> 11 | D13: NR | E13: =IF(AND(Dashboard!$B$6="All",Dashboard!$E$6="All"),COUNTIF(Data!$G$2:$G$61,$D13),IF(Dashboard!$B$6="All",COUNTIFS(Data!$G$2:$G$61,$D13,Data!$G$2:$G$61,Dashboard!$E$6),IF(Dashboard!$E$6="All",COUNTIFS(Data!$G$2:$G$61,$D13,Data!$B$2:$B$61,Dashboard!$B$6),COUNTIFS(Data!$G$2:$G$61,$D13,Data!$B$2:$B$61,Dashboard!$B$6,Data!$G$2:$G$61,Dashboard!$E$6)))) -> 3 | G13: Children & Family Movies | H13: =IF(AND(Dashboard!$B$6="All",Dashboard!$E$6="All"),COUNTIF(Data!$I$2:$I$61,$G13),IF(Dashboard!$B$6="All",COUNTIFS(Data!$I$2:$I$61,$G13,Data!$G$2:$G$61,Dashboard!$E$6),IF(Dashboard!$E$6="All",COUNTIFS(Data!$I$2:$I$61,$G13,Data!$B$2:$B$61,Dashboard!$B$6),COUNTIFS(Data!$I$2:$I$61,$G13,Data!$B$2:$B$61,Dashboard!$B$6,Data!$G$2:$G$61,Dashboard!$E$6)))) -> 10 | J13: United Kingdom | K13: =IF(AND(Dashboard!$B$6="All",Dashboard!$E$6="All"),COUNTIF(Data!$D$2:$D$61,$J13),IF(Dashboard!$B$6="All",COUNTIFS(Data!$D$2:$D$61,$J13,Data!$G$2:$G$61,Dashboard!$E$6),IF(Dashboard!$E$6="All",COUNTIFS(Data!$D$2:$D$61,$J13,Data!$B$2:$B$61,Dashboard!$B$6),COUNTIFS(Data!$D$2:$D$61,$J13,Data!$B$2:$B$61,Dashboard!$B$6,Data!$G$2:$G$61,Dashboard!$E$6)))) -> 3 | M13: 2016 | N13: =IF(AND(Dashboard!$B$6="All",Dashboard!$E$6="All"),COUNTIF(Data!$K$2:$K$61,$M13),IF(Dashboard!$B$6="All",COUNTIFS(Data!$K$2:$K$61,$M13,Data!$G$2:$G$61,Dashboard!$E$6),IF(Dashboard!$E$6="All",COUNTIFS(Data!$K$2:$K$61,$M13,Data!$B$2:$B$61,Dashboard!$B$6),COUNTIFS(Data!$K$2:$K$61,$M13,Data!$B$2:$B$61,Dashboard!$B$6,Data!$G$2:$G$61,Dashboard!$E$6)))) -> 9 | P13: 60–89 min | Q13: =IF(Dashboard!$E$6="All",COUNTIFS(Data!$B$2:$B$61,"Movie",Data!$J$2:$J$61,">=60",Data!$J$2:$J$61,"<90"),COUNTIFS(Data!$B$2:$B$61,"Movie",Data!$J$2:$J$61,">=60",Data!$J$2:$J$61,"<90",Data!$G$2:$G$61,Dashboard!$E$6)) -> 20 | T13: TV-Y7 | U13: Comedies | V13: =IF(AND(Dashboard!$B$6="All",Dashboard!$E$6="All"),COUNTIF(Data!$I$2:$I$61,$U13),IF(Dashboard!$B$6="All",COUNTIFS(Data!$I$2:$I$61,$U13,Data!$G$2:$G$61,Dashboard!$E$6),IF(Dashboard!$E$6="All",COUNTIFS(Data!$I$2:$I$61,$U13,Data!$B$2:$B$61,Dashboard!$B$6),COUNTIFS(Data!$I$2:$I$61,$U13,Data!$B$2:$B$61,Dashboard!$B$6,Data!$G$2:$G$61,Dashboard!$E$6)))) -> 8 | W13: France | X13: =IF(AND(Dashboard!$B$6="All",Dashboard!$E$6="All"),COUNTIF(Data!$D$2:$D$61,$W13),IF(Dashboard!$B$6="All",COUNTIFS(Data!$D$2:$D$61,$W13,Data!$G$2:$G$61,Dashboard!$E$6),IF(Dashboard!$E$6="All",COUNTIFS(Data!$D$2:$D$61,$W13,Data!$B$2:$B$61,Dashboard!$B$6),COUNTIFS(Data!$D$2:$D$61,$W13,Data!$B$2:$B$61,Dashboard!$B$6,Data!$G$2:$G$61,Dashboard!$E$6)))) -> 6
D14: PG | E14: =IF(AND(Dashboard!$B$6="All",Dashboard!$E$6="All"),COUNTIF(Data!$G$2:$G$61,$D14),IF(Dashboard!$B$6="All",COUNTIFS(Data!$G$2:$G$61,$D14,Data!$G$2:$G$61,Dashboard!$E$6),IF(Dashboard!$E$6="All",COUNTIFS(Data!$G$2:$G$61,$D14,Data!$B$2:$B$61,Dashboard!$B$6),COUNTIFS(Data!$G$2:$G$61,$D14,Data!$B$2:$B$61,Dashboard!$B$6,Data!$G$2:$G$61,Dashboard!$E$6)))) -> 2 | G14: Comedies | H14: =IF(AND(Dashboard!$B$6="All",Dashboard!$E$6="All"),COUNTIF(Data!$I$2:$I$61,$G14),IF(Dashboard!$B$6="All",COUNTIFS(Data!$I$2:$I$61,$G14,Data!$G$2:$G$61,Dashboard!$E$6),IF(Dashboard!$E$6="All",COUNTIFS(Data!$I$2:$I$61,$G14,Data!$B$2:$B$61,Dashboard!$B$6),COUNTIFS(Data!$I$2:$I$61,$G14,Data!$B$2:$B$61,Dashboard!$B$6,Data!$G$2:$G$61,Dashboard!$E$6)))) -> 8 | J14: France | K14: =IF(AND(Dashboard!$B$6="All",Dashboard!$E$6="All"),COUNTIF(Data!$D$2:$D$61,$J14),IF(Dashboard!$B$6="All",COUNTIFS(Data!$D$2:$D$61,$J14,Data!$G$2:$G$61,Dashboard!$E$6),IF(Dashboard!$E$6="All",COUNTIFS(Data!$D$2:$D$61,$J14,Data!$B$2:$B$61,Dashboard!$B$6),COUNTIFS(Data!$D$2:$D$61,$J14,Data!$B$2:$B$61,Dashboard!$B$6,Data!$G$2:$G$61,Dashboard!$E$6)))) -> 6 | M14: 2017 | N14: =IF(AND(Dashboard!$B$6="All",Dashboard!$E$6="All"),COUNTIF(Data!$K$2:$K$61,$M14),IF(Dashboard!$B$6="All",COUNTIFS(Data!$K$2:$K$61,$M14,Data!$G$2:$G$61,Dashboard!$E$6),IF(Dashboard!$E$6="All",COUNTIFS(Data!$K$2:$K$61,$M14,Data!$B$2:$B$61,Dashboard!$B$6),COUNTIFS(Data!$K$2:$K$61,$M14,Data!$B$2:$B$61,Dashboard!$B$6,Data!$G$2:$G$61,Dashboard!$E$6)))) -> 24 | P14: 90–119 min | Q14: =IF(Dashboard!$E$6="All",COUNTIFS(Data!$B$2:$B$61,"Movie",Data!$J$2:$J$61,">=90",Data!$J$2:$J$61,"<120"),COUNTIFS(Data!$B$2:$B$61,"Movie",Data!$J$2:$J$61,">=90",Data!$J$2:$J$61,"<120",Data!$G$2:$G$61,Dashboard!$E$6)) -> 22 | T14: TV-Y7-FV | U14: Documentaries | V14: =IF(AND(Dashboard!$B$6="All",Dashboard!$E$6="All"),COUNTIF(Data!$I$2:$I$61,$U14),IF(Dashboard!$B$6="All",COUNTIFS(Data!$I$2:$I$61,$U14,Data!$G$2:$G$61,Dashboard!$E$6),IF(Dashboard!$E$6="All",COUNTIFS(Data!$I$2:$I$61,$U14,Data!$B$2:$B$61,Dashboard!$B$6),COUNTIFS(Data!$I$2:$I$61,$U14,Data!$B$2:$B$61,Dashboard!$B$6,Data!$G$2:$G$61,Dashboard!$E$6)))) -> 8 | W14: Canada | X14: =IF(AND(Dashboard!$B$6="All",Dashboard!$E$6="All"),COUNTIF(Data!$D$2:$D$61,$W14),IF(Dashboard!$B$6="All",COUNTIFS(Data!$D$2:$D$61,$W14,Data!$G$2:$G$61,Dashboard!$E$6),IF(Dashboard!$E$6="All",COUNTIFS(Data!$D$2:$D$61,$W14,Data!$B$2:$B$61,Dashboard!$B$6),COUNTIFS(Data!$D$2:$D$61,$W14,Data!$B$2:$B$61,Dashboard!$B$6,Data!$G$2:$G$61,Dashboard!$E$6)))) -> 4
D15: PG-13 | E15: =IF(AND(Dashboard!$B$6="All",Dashboard!$E$6="All"),COUNTIF(Data!$G$2:$G$61,$D15),IF(Dashboard!$B$6="All",COUNTIFS(Data!$G$2:$G$61,$D15,Data!$G$2:$G$61,Dashboard!$E$6),IF(Dashboard!$E$6="All",COUNTIFS(Data!$G$2:$G$61,$D15,Data!$B$2:$B$61,Dashboard!$B$6),COUNTIFS(Data!$G$2:$G$61,$D15,Data!$B$2:$B$61,Dashboard!$B$6,Data!$G$2:$G$61,Dashboard!$E$6)))) -> 3 | G15: Crime TV Shows | H15: =IF(AND(Dashboard!$B$6="All",Dashboard!$E$6="All"),COUNTIF(Data!$I$2:$I$61,$G15),IF(Dashboard!$B$6="All",COUNTIFS(Data!$I$2:$I$61,$G15,Data!$G$2:$G$61,Dashboard!$E$6),IF(Dashboard!$E$6="All",COUNTIFS(Data!$I$2:$I$61,$G15,Data!$B$2:$B$61,Dashboard!$B$6),COUNTIFS(Data!$I$2:$I$61,$G15,Data!$B$2:$B$61,Dashboard!$B$6,Data!$G$2:$G$61,Dashboard!$E$6)))) -> 1 | J15: Canada | K15: =IF(AND(Dashboard!$B$6="All",Dashboard!$E$6="All"),COUNTIF(Data!$D$2:$D$61,$J15),IF(Dashboard!$B$6="All",COUNTIFS(Data!$D$2:$D$61,$J15,Data!$G$2:$G$61,Dashboard!$E$6),IF(Dashboard!$E$6="All",COUNTIFS(Data!$D$2:$D$61,$J15,Data!$B$2:$B$61,Dashboard!$B$6),COUNTIFS(Data!$D$2:$D$61,$J15,Data!$B$2:$B$61,Dashboard!$B$6,Data!$G$2:$G$61,Dashboard!$E$6)))) -> 4 | M15: 2018 | N15: =IF(AND(Dashboard!$B$6="All",Dashboard!$E$6="All"),COUNTIF(Data!$K$2:$K$61,$M15),IF(Dashboard!$B$6="All",COUNTIFS(Data!$K$2:$K$61,$M15,Data!$G$2:$G$61,Dashboard!$E$6),IF(Dashboard!$E$6="All",COUNTIFS(Data!$K$2:$K$61,$M15,Data!$B$2:$B$61,Dashboard!$B$6),COUNTIFS(Data!$K$2:$K$61,$M15,Data!$B$2:$B$61,Dashboard!$B$6,Data!$G$2:$G$61,Dashboard!$E$6)))) -> 16 | P15: 120–149 min | Q15: =IF(Dashboard!$E$6="All",COUNTIFS(Data!$B$2:$B$61,"Movie",Data!$J$2:$J$61,">=120",Data!$J$2:$J$61,"<150"),COUNTIFS(Data!$B$2:$B$61,"Movie",Data!$J$2:$J$61,">=120",Data!$J$2:$J$61,"<150",Data!$G$2:$G$61,Dashboard!$E$6)) -> 2 | U15: Dramas | V15: =IF(AND(Dashboard!$B$6="All",Dashboard!$E$6="All"),COUNTIF(Data!$I$2:$I$61,$U15),IF(Dashboard!$B$6="All",COUNTIFS(Data!$I$2:$I$61,$U15,Data!$G$2:$G$61,Dashboard!$E$6),IF(Dashboard!$E$6="All",COUNTIFS(Data!$I$2:$I$61,$U15,Data!$B$2:$B$61,Dashboard!$B$6),COUNTIFS(Data!$I$2:$I$61,$U15,Data!$B$2:$B$61,Dashboard!$B$6,Data!$G$2:$G$61,Dashboard!$E$6)))) -> 8 | W15: United Kingdom | X15: =IF(AND(Dashboard!$B$6="All",Dashboard!$E$6="All"),COUNTIF(Data!$D$2:$D$61,$W15),IF(Dashboard!$B$6="All",COUNTIFS(Data!$D$2:$D$61,$W15,Data!$G$2:$G$61,Dashboard!$E$6),IF(Dashboard!$E$6="All",COUNTIFS(Data!$D$2:$D$61,$W15,Data!$B$2:$B$61,Dashboard!$B$6),COUNTIFS(Data!$D$2:$D$61,$W15,Data!$B$2:$B$61,Dashboard!$B$6,Data!$G$2:$G$61,Dashboard!$E$6)))) -> 3
D16: R | E16: =IF(AND(Dashboard!$B$6="All",Dashboard!$E$6="All"),COUNTIF(Data!$G$2:$G$61,$D16),IF(Dashboard!$B$6="All",COUNTIFS(Data!$G$2:$G$61,$D16,Data!$G$2:$G$61,Dashboard!$E$6),IF(Dashboard!$E$6="All",COUNTIFS(Data!$G$2:$G$61,$D16,Data!$B$2:$B$61,Dashboard!$B$6),COUNTIFS(Data!$G$2:$G$61,$D16,Data!$B$2:$B$61,Dashboard!$B$6,Data!$G$2:$G$61,Dashboard!$E$6)))) -> 6 | G16: Cult Movies | H16: =IF(AND(Dashboard!$B$6="All",Dashboard!$E$6="All"),COUNTIF(Data!$I$2:$I$61,$G16),IF(Dashboard!$B$6="All",COUNTIFS(Data!$I$2:$I$61,$G16,Data!$G$2:$G$61,Dashboard!$E$6),IF(Dashboard!$E$6="All",COUNTIFS(Data!$I$2:$I$61,$G16,Data!$B$2:$B$61,Dashboard!$B$6),COUNTIFS(Data!$I$2:$I$61,$G16,Data!$B$2:$B$61,Dashboard!$B$6,Data!$G$2:$G$61,Dashboard!$E$6)))) -> 1 | J16: Spain | K16: =IF(AND(Dashboard!$B$6="All",Dashboard!$E$6="All"),COUNTIF(Data!$D$2:$D$61,$J16),IF(Dashboard!$B$6="All",COUNTIFS(Data!$D$2:$D$61,$J16,Data!$G$2:$G$61,Dashboard!$E$6),IF(Dashboard!$E$6="All",COUNTIFS(Data!$D$2:$D$61,$J16,Data!$B$2:$B$61,Dashboard!$B$6),COUNTIFS(Data!$D$2:$D$61,$J16,Data!$B$2:$B$61,Dashboard!$B$6,Data!$G$2:$G$61,Dashboard!$E$6)))) -> 3 | M16: 2019 | N16: =IF(AND(Dashboard!$B$6="All",Dashboard!$E$6="All"),COUNTIF(Data!$K$2:$K$61,$M16),IF(Dashboard!$B$6="All",COUNTIFS(Data!$K$2:$K$61,$M16,Data!$G$2:$G$61,Dashboard!$E$6),IF(Dashboard!$E$6="All",COUNTIFS(Data!$K$2:$K$61,$M16,Data!$B$2:$B$61,Dashboard!$B$6),COUNTIFS(Data!$K$2:$K$61,$M16,Data!$B$2:$B$61,Dashboard!$B$6,Data!$G$2:$G$61,Dashboard!$E$6)))) -> 9 | P16: 150–179 min | Q16: =IF(Dashboard!$E$6="All",COUNTIFS(Data!$B$2:$B$61,"Movie",Data!$J$2:$J$61,">=150",Data!$J$2:$J$61,"<180"),COUNTIFS(Data!$B$2:$B$61,"Movie",Data!$J$2:$J$61,">=150",Data!$J$2:$J$61,"<180",Data!$G$2:$G$61,Dashboard!$E$6)) -> 0 | U16: Action & Adventure | V16: =IF(AND(Dashboard!$B$6="All",Dashboard!$E$6="All"),COUNTIF(Data!$I$2:$I$61,$U16),IF(Dashboard!$B$6="All",COUNTIFS(Data!$I$2:$I$61,$U16,Data!$G$2:$G$61,Dashboard!$E$6),IF(Dashboard!$E$6="All",COUNTIFS(Data!$I$2:$I$61,$U16,Data!$B$2:$B$61,Dashboard!$B$6),COUNTIFS(Data!$I$2:$I$61,$U16,Data!$B$2:$B$61,Dashboard!$B$6,Data!$G$2:$G$61,Dashboard!$E$6)))) -> 5 | W16: Spain | X16: =IF(AND(Dashboard!$B$6="All",Dashboard!$E$6="All"),COUNTIF(Data!$D$2:$D$61,$W16),IF(Dashboard!$B$6="All",COUNTIFS(Data!$D$2:$D$61,$W16,Data!$G$2:$G$61,Dashboard!$E$6),IF(Dashboard!$E$6="All",COUNTIFS(Data!$D$2:$D$61,$W16,Data!$B$2:$B$61,Dashboard!$B$6),COUNTIFS(Data!$D$2:$D$61,$W16,Data!$B$2:$B$61,Dashboard!$B$6,Data!$G$2:$G$61,Dashboard!$E$6)))) -> 3
D17: TV-14 | E17: =IF(AND(Dashboard!$B$6="All",Dashboard!$E$6="All"),COUNTIF(Data!$G$2:$G$61,$D17),IF(Dashboard!$B$6="All",COUNTIFS(Data!$G$2:$G$61,$D17,Data!$G$2:$G$61,Dashboard!$E$6),IF(Dashboard!$E$6="All",COUNTIFS(Data!$G$2:$G$61,$D17,Data!$B$2:$B$61,Dashboard!$B$6),COUNTIFS(Data!$G$2:$G$61,$D17,Data!$B$2:$B$61,Dashboard!$B$6,Data!$G$2:$G$61,Dashboard!$E$6)))) -> 10 | G17: Documentaries | H17: =IF(AND(Dashboard!$B$6="All",Dashboard!$E$6="All"),COUNTIF(Data!$I$2:$I$61,$G17),IF(Dashboard!$B$6="All",COUNTIFS(Data!$I$2:$I$61,$G17,Data!$G$2:$G$61,Dashboard!$E$6),IF(Dashboard!$E$6="All",COUNTIFS(Data!$I$2:$I$61,$G17,Data!$B$2:$B$61,Dashboard!$B$6),COUNTIFS(Data!$I$2:$I$61,$G17,Data!$B$2:$B$61,Dashboard!$B$6,Data!$G$2:$G$61,Dashboard!$E$6)))) -> 8 | J17: China | K17: =IF(AND(Dashboard!$B$6="All",Dashboard!$E$6="All"),COUNTIF(Data!$D$2:$D$61,$J17),IF(Dashboard!$B$6="All",COUNTIFS(Data!$D$2:$D$61,$J17,Data!$G$2:$G$61,Dashboard!$E$6),IF(Dashboard!$E$6="All",COUNTIFS(Data!$D$2:$D$61,$J17,Data!$B$2:$B$61,Dashboard!$B$6),COUNTIFS(Data!$D$2:$D$61,$J17,Data!$B$2:$B$61,Dashboard!$B$6,Data!$G$2:$G$61,Dashboard!$E$6)))) -> 2 | P17: 180+ min | Q17: =IF(Dashboard!$E$6="All",COUNTIFS(Data!$B$2:$B$61,"Movie",Data!$J$2:$J$61,">=180"),COUNTIFS(Data!$B$2:$B$61,"Movie",Data!$J$2:$J$61,">=180",Data!$G$2:$G$61,Dashboard!$E$6)) -> 0 | U17: Stand-Up Comedy | V17: =IF(AND(Dashboard!$B$6="All",Dashboard!$E$6="All"),COUNTIF(Data!$I$2:$I$61,$U17),IF(Dashboard!$B$6="All",COUNTIFS(Data!$I$2:$I$61,$U17,Data!$G$2:$G$61,Dashboard!$E$6),IF(Dashboard!$E$6="All",COUNTIFS(Data!$I$2:$I$61,$U17,Data!$B$2:$B$61,Dashboard!$B$6),COUNTIFS(Data!$I$2:$I$61,$U17,Data!$B$2:$B$61,Dashboard!$B$6,Data!$G$2:$G$61,Dashboard!$E$6)))) -> 4 | W17: China | X17: =IF(AND(Dashboard!$B$6="All",Dashboard!$E$6="All"),COUNTIF(Data!$D$2:$D$61,$W17),IF(Dashboard!$B$6="All",COUNTIFS(Data!$D$2:$D$61,$W17,Data!$G$2:$G$61,Dashboard!$E$6),IF(Dashboard!$E$6="All",COUNTIFS(Data!$D$2:$D$61,$W17,Data!$B$2:$B$61,Dashboard!$B$6),COUNTIFS(Data!$D$2:$D$61,$W17,Data!$B$2:$B$61,Dashboard!$B$6,Data!$G$2:$G$61,Dashboard!$E$6)))) -> 2
D18: TV-G | E18: =IF(AND(Dashboard!$B$6="All",Dashboard!$E$6="All"),COUNTIF(Data!$G$2:$G$61,$D18),IF(Dashboard!$B$6="All",COUNTIFS(Data!$G$2:$G$61,$D18,Data!$G$2:$G$61,Dashboard!$E$6),IF(Dashboard!$E$6="All",COUNTIFS(Data!$G$2:$G$61,$D18,Data!$B$2:$B$61,Dashboard!$B$6),COUNTIFS(Data!$G$2:$G$61,$D18,Data!$B$2:$B$61,Dashboard!$B$6,Data!$G$2:$G$61,Dashboard!$E$6)))) -> 2 | G18: Docuseries | H18: =IF(AND(Dashboard!$B$6="All",Dashboard!$E$6="All"),COUNTIF(Data!$I$2:$I$61,$G18),IF(Dashboard!$B$6="All",COUNTIFS(Data!$I$2:$I$61,$G18,Data!$G$2:$G$61,Dashboard!$E$6),IF(Dashboard!$E$6="All",COUNTIFS(Data!$I$2:$I$61,$G18,Data!$B$2:$B$61,Dashboard!$B$6),COUNTIFS(Data!$I$2:$I$61,$G18,Data!$B$2:$B$61,Dashboard!$B$6,Data!$G$2:$G$61,Dashboard!$E$6)))) -> 3 | J18: India | K18: =IF(AND(Dashboard!$B$6="All",Dashboard!$E$6="All"),COUNTIF(Data!$D$2:$D$61,$J18),IF(Dashboard!$B$6="All",COUNTIFS(Data!$D$2:$D$61,$J18,Data!$G$2:$G$61,Dashboard!$E$6),IF(Dashboard!$E$6="All",COUNTIFS(Data!$D$2:$D$61,$J18,Data!$B$2:$B$61,Dashboard!$B$6),COUNTIFS(Data!$D$2:$D$61,$J18,Data!$B$2:$B$61,Dashboard!$B$6,Data!$G$2:$G$61,Dashboard!$E$6)))) -> 0 | U18: Horror Movies | V18: =IF(AND(Dashboard!$B$6="All",Dashboard!$E$6="All"),COUNTIF(Data!$I$2:$I$61,$U18),IF(Dashboard!$B$6="All",COUNTIFS(Data!$I$2:$I$61,$U18,Data!$G$2:$G$61,Dashboard!$E$6),IF(Dashboard!$E$6="All",COUNTIFS(Data!$I$2:$I$61,$U18,Data!$B$2:$B$61,Dashboard!$B$6),COUNTIFS(Data!$I$2:$I$61,$U18,Data!$B$2:$B$61,Dashboard!$B$6,Data!$G$2:$G$61,Dashboard!$E$6)))) -> 4
D19: TV-MA | E19: =IF(AND(Dashboard!$B$6="All",Dashboard!$E$6="All"),COUNTIF(Data!$G$2:$G$61,$D19),IF(Dashboard!$B$6="All",COUNTIFS(Data!$G$2:$G$61,$D19,Data!$G$2:$G$61,Dashboard!$E$6),IF(Dashboard!$E$6="All",COUNTIFS(Data!$G$2:$G$61,$D19,Data!$B$2:$B$61,Dashboard!$B$6),COUNTIFS(Data!$G$2:$G$61,$D19,Data!$B$2:$B$61,Dashboard!$B$6,Data!$G$2:$G$61,Dashboard!$E$6)))) -> 19 | G19: Dramas | H19: =IF(AND(Dashboard!$B$6="All",Dashboard!$E$6="All"),COUNTIF(Data!$I$2:$I$61,$G19),IF(Dashboard!$B$6="All",COUNTIFS(Data!$I$2:$I$61,$G19,Data!$G$2:$G$61,Dashboard!$E$6),IF(Dashboard!$E$6="All",COUNTIFS(Data!$I$2:$I$61,$G19,Data!$B$2:$B$61,Dashboard!$B$6),COUNTIFS(Data!$I$2:$I$61,$G19,Data!$B$2:$B$61,Dashboard!$B$6,Data!$G$2:$G$61,Dashboard!$E$6)))) -> 8 | J19: Unknown | K19: =IF(AND(Dashboard!$B$6="All",Dashboard!$E$6="All"),COUNTIF(Data!$D$2:$D$61,$J19),IF(Dashboard!$B$6="All",COUNTIFS(Data!$D$2:$D$61,$J19,Data!$G$2:$G$61,Dashboard!$E$6),IF(Dashboard!$E$6="All",COUNTIFS(Data!$D$2:$D$61,$J19,Data!$B$2:$B$61,Dashboard!$B$6),COUNTIFS(Data!$D$2:$D$61,$J19,Data!$B$2:$B$61,Dashboard!$B$6,Data!$G$2:$G$61,Dashboard!$E$6)))) -> 10 | U19: International TV Shows | V19: =IF(AND(Dashboard!$B$6="All",Dashboard!$E$6="All"),COUNTIF(Data!$I$2:$I$61,$U19),IF(Dashboard!$B$6="All",COUNTIFS(Data!$I$2:$I$61,$U19,Data!$G$2:$G$61,Dashboard!$E$6),IF(Dashboard!$E$6="All",COUNTIFS(Data!$I$2:$I$61,$U19,Data!$B$2:$B$61,Dashboard!$B$6),COUNTIFS(Data!$I$2:$I$61,$U19,Data!$B$2:$B$61,Dashboard!$B$6,Data!$G$2:$G$61,Dashboard!$E$6)))) -> 4
D20: TV-PG | E20: =IF(AND(Dashboard!$B$6="All",Dashboard!$E$6="All"),COUNTIF(Data!$G$2:$G$61,$D20),IF(Dashboard!$B$6="All",COUNTIFS(Data!$G$2:$G$61,$D20,Data!$G$2:$G$61,Dashboard!$E$6),IF(Dashboard!$E$6="All",COUNTIFS(Data!$G$2:$G$61,$D20,Data!$B$2:$B$61,Dashboard!$B$6),COUNTIFS(Data!$G$2:$G$61,$D20,Data!$B$2:$B$61,Dashboard!$B$6,Data!$G$2:$G$61,Dashboard!$E$6)))) -> 5 | G20: Horror Movies | H20: =IF(AND(Dashboard!$B$6="All",Dashboard!$E$6="All"),COUNTIF(Data!$I$2:$I$61,$G20),IF(Dashboard!$B$6="All",COUNTIFS(Data!$I$2:$I$61,$G20,Data!$G$2:$G$61,Dashboard!$E$6),IF(Dashboard!$E$6="All",COUNTIFS(Data!$I$2:$I$61,$G20,Data!$B$2:$B$61,Dashboard!$B$6),COUNTIFS(Data!$I$2:$I$61,$G20,Data!$B$2:$B$61,Dashboard!$B$6,Data!$G$2:$G$61,Dashboard!$E$6)))) -> 4
D21: TV-Y | E21: =IF(AND(Dashboard!$B$6="All",Dashboard!$E$6="All"),COUNTIF(Data!$G$2:$G$61,$D21),IF(Dashboard!$B$6="All",COUNTIFS(Data!$G$2:$G$61,$D21,Data!$G$2:$G$61,Dashboard!$E$6),IF(Dashboard!$E$6="All",COUNTIFS(Data!$G$2:$G$61,$D21,Data!$B$2:$B$61,Dashboard!$B$6),COUNTIFS(Data!$G$2:$G$61,$D21,Data!$B$2:$B$61,Dashboard!$B$6,Data!$G$2:$G$61,Dashboard!$E$6)))) -> 1 | G21: International Movies | H21: =IF(AND(Dashboard!$B$6="All",Dashboard!$E$6="All"),COUNTIF(Data!$I$2:$I$61,$G21),IF(Dashboard!$B$6="All",COUNTIFS(Data!$I$2:$I$61,$G21,Data!$G$2:$G$61,Dashboard!$E$6),IF(Dashboard!$E$6="All",COUNTIFS(Data!$I$2:$I$61,$G21,Data!$B$2:$B$61,Dashboard!$B$6),COUNTIFS(Data!$I$2:$I$61,$G21,Data!$B$2:$B$61,Dashboard!$B$6,Data!$G$2:$G$61,Dashboard!$E$6)))) -> 1
D22: TV-Y7 | E22: =IF(AND(Dashboard!$B$6="All",Dashboard!$E$6="All"),COUNTIF(Data!$G$2:$G$61,$D22),IF(Dashboard!$B$6="All",COUNTIFS(Data!$G$2:$G$61,$D22,Data!$G$2:$G$61,Dashboard!$E$6),IF(Dashboard!$E$6="All",COUNTIFS(Data!$G$2:$G$61,$D22,Data!$B$2:$B$61,Dashboard!$B$6),COUNTIFS(Data!$G$2:$G$61,$D22,Data!$B$2:$B$61,Dashboard!$B$6,Data!$G$2:$G$61,Dashboard!$E$6)))) -> 7 | G22: International TV Shows | H22: =IF(AND(Dashboard!$B$6="All",Dashboard!$E$6="All"),COUNTIF(Data!$I$2:$I$61,$G22),IF(Dashboard!$B$6="All",COUNTIFS(Data!$I$2:$I$61,$G22,Data!$G$2:$G$61,Dashboard!$E$6),IF(Dashboard!$E$6="All",COUNTIFS(Data!$I$2:$I$61,$G22,Data!$B$2:$B$61,Dashboard!$B$6),COUNTIFS(Data!$I$2:$I$61,$G22,Data!$B$2:$B$61,Dashboard!$B$6,Data!$G$2:$G$61,Dashboard!$E$6)))) -> 4
D23: TV-Y7-FV | E23: =IF(AND(Dashboard!$B$6="All",Dashboard!$E$6="All"),COUNTIF(Data!$G$2:$G$61,$D23),IF(Dashboard!$B$6="All",COUNTIFS(Data!$G$2:$G$61,$D23,Data!$G$2:$G$61,Dashboard!$E$6),IF(Dashboard!$E$6="All",COUNTIFS(Data!$G$2:$G$61,$D23,Data!$B$2:$B$61,Dashboard!$B$6),COUNTIFS(Data!$G$2:$G$61,$D23,Data!$B$2:$B$61,Dashboard!$B$6,Data!$G$2:$G$61,Dashboard!$E$6)))) -> 1 | G23: Kids' TV | H23: =IF(AND(Dashboard!$B$6="All",Dashboard!$E$6="All"),COUNTIF(Data!$I$2:$I$61,$G23),IF(Dashboard!$B$6="All",COUNTIFS(Data!$I$2:$I$61,$G23,Data!$G$2:$G$61,Dashboard!$E$6),IF(Dashboard!$E$6="All",COUNTIFS(Data!$I$2:$I$61,$G23,Data!$B$2:$B$61,Dashboard!$B$6),COUNTIFS(Data!$I$2:$I$61,$G23,Data!$B$2:$B$61,Dashboard!$B$6,Data!$G$2:$G$61,Dashboard!$E$6)))) -> 2
G24: Stand-Up Comedy | H24: =IF(AND(Dashboard!$B$6="All",Dashboard!$E$6="All"),COUNTIF(Data!$I$2:$I$61,$G24),IF(Dashboard!$B$6="All",COUNTIFS(Data!$I$2:$I$61,$G24,Data!$G$2:$G$61,Dashboard!$E$6),IF(Dashboard!$E$6="All",COUNTIFS(Data!$I$2:$I$61,$G24,Data!$B$2:$B$61,Dashboard!$B$6),COUNTIFS(Data!$I$2:$I$61,$G24,Data!$B$2:$B$61,Dashboard!$B$6,Data!$G$2:$G$61,Dashboard!$E$6)))) -> 4
G25: Stand-Up Comedy & Talk Shows | H25: =IF(AND(Dashboard!$B$6="All",Dashboard!$E$6="All"),COUNTIF(Data!$I$2:$I$61,$G25),IF(Dashboard!$B$6="All",COUNTIFS(Data!$I$2:$I$61,$G25,Data!$G$2:$G$61,Dashboard!$E$6),IF(Dashboard!$E$6="All",COUNTIFS(Data!$I$2:$I$61,$G25,Data!$B$2:$B$61,Dashboard!$B$6),COUNTIFS(Data!$I$2:$I$61,$G25,Data!$B$2:$B$61,Dashboard!$B$6,Data!$G$2:$G$61,Dashboard!$E$6)))) -> 1

Sheet Read Me
A1: NETFLIX DASHBOARD — PROJECT NOTES
A4: Item | B4: Details
A5: Dataset | B5: Netflix Movies and TV Shows
A6: Primary source | B6: Kaggle — Shivam Bansal
A7: Source URL | B7: https://www.kaggle.com/datasets/shivamb/netflix-shows/data
A8: Records used | B8: 60 title-level records
A9: Purpose | B9: Excel dashboard practice / portfolio project
A12: Feature | B12: Description
A13: Content Mix | B13: Movie vs TV Show composition
A14: Top Genres | B14: Counts by Primary Genre
A15: Rating Mix | B15: Catalog distribution by rating
A16: Top Countries | B16: Counts for major country categories
A17: Content Added by Year | B17: Titles added in the sample by year
... A20: Data sheet | B20: Cleaned and enriched Netflix title table
